principalcomponent,variance
1,0.55929557
2,0.13162846
3,0.10547064
4,0.07823022
